{"roc":{"height":480,"_type":"image-file","sha256":"b02a1540190cc54ae60cd37060d8a199d765f41bc064a5b22a1deb74068b7b4e","size":26743,"path":"media/images/roc_609_b02a1540190cc54ae60c.png","format":"png","width":640},"train_accuracy":0,"_timestamp":1.768839643167655e+09,"images":{"height":224,"format":"png","count":5,"filenames":["media/images/images_550_37a1fc3fce2d2e091719.png","media/images/images_550_a88a38de27ee22d4322d.png","media/images/images_550_841de5f5fafa5473fe50.png","media/images/images_550_419397769b2940c852ae.png","media/images/images_550_896aadaf02bc97a8cc41.png"],"captions":["Input 0","Input 1","Input 2","Input 3","Input 4"],"_type":"images/separated","width":224},"final_f1":0.12190571452338975,"final_precision":0.07797313165462263,"train_loss":1.4180158376693726,"final_accuracy":0.27923669467787116,"gradients":{"_type":"histogram","values":[1,0,0,0,0,0,0,0,0,0,0,0,0,0,0,0,0,0,0,0,0,0,0,0,0,0,0,0,0,0,0,0,0,0,0,0,0,0,0,0,0,0,0,0,0,4,4,93158,14,2,2,0,0,0,0,0,0,0,0,0,0,0,1,2],"bins":[-0.751076340675354,-0.7352920174598694,-0.7195076942443848,-0.7037233710289001,-0.6879390478134155,-0.6721547245979309,-0.6563704013824463,-0.6405860781669617,-0.624801754951477,-0.6090174317359924,-0.5932331085205078,-0.5774487853050232,-0.5616644620895386,-0.5458801984786987,-0.5300958156585693,-0.5143115520477295,-0.4985271990299225,-0.48274287581443787,-0.46695855259895325,-0.45117422938346863,-0.435389906167984,-0.4196055829524994,-0.40382125973701477,-0.38803693652153015,-0.3722526431083679,-0.3564683198928833,-0.3406839966773987,-0.32489967346191406,-0.30911535024642944,-0.2933310270309448,-0.2775467038154602,-0.2617623805999756,-0.24597805738449097,-0.23019373416900635,-0.21440941095352173,-0.1986250877380371,-0.1828407645225525,-0.16705644130706787,-0.15127211809158325,-0.13548779487609863,-0.11970347166061401,-0.1039191484451294,-0.08813482522964478,-0.07235050201416016,-0.05656617879867554,-0.04078185558319092,-0.0249975323677063,-0.00921320915222168,0.006571054458618164,0.022355377674102783,0.0381397008895874,0.05392402410507202,0.06970834732055664,0.08549267053604126,0.10127699375152588,0.1170613169670105,0.13284564018249512,0.14862996339797974,0.16441428661346436,0.18019860982894897,0.1959829330444336,0.2117672562599182,0.22755157947540283,0.24333590269088745,0.2591201961040497]},"final_recall":0.27923669467787116,"_wandb":{"runtime":1967},"_runtime":1967,"_step":610}